Attribute,Metrics category,Task-Oriented Metrics,Approach,Source,Source link
Decision making,Social and economic metrics,"Negotiation (Concession Rate, Negotiation Success Rate, Average Negotiation Round)",Automatic,How Personality Traits Influence Negotiation Outcomes? A Simulation based on Large Language Models,https://arxiv.org/abs/2407.11549
Decision making,Social and economic metrics,"Societal Satisfaction (average per-capita living area size, average waiting time, social welfare)",Automatic,SRAP-Agent: Simulating and Optimizing Scarce Resource Allocation Policy with LLM-based Agent,https://aclanthology.org/2024.findings-emnlp.15.pdf
Decision making,Social and economic metrics,"Societal Fairness (variance in per capita living area size, number of inverse order pairs in house allocation, Gini coefficient)",Automatic,SRAP-Agent: Simulating and Optimizing Scarce Resource Allocation Policy with LLM-based Agent,https://aclanthology.org/2024.findings-emnlp.15.pdf
Decision making,Social and economic metrics,"Macroeconomic (Inflation rate, Unemployment rate, Nominal GDP, Nominal GDP growth, Wage inflation, Real GDP growth, Expected monthly income, Consumption)",Automatic,EconAgent: Large Language Model-Empowered Agents for Simulating Macroeconomic Activities,https://arxiv.org/abs/2310.10436
Decision making,Social and economic metrics,"Market and Consumer (Purchase probability, Expected competing product price, Customer counts, Price consistency between competitors)",Automatic,The Challenge of Using LLMs to Simulate Human Behavior: A Causal Inference Perspective,https://arxiv.org/abs/2312.15524
Decision making,Social and economic metrics,"Market and Consumer (Purchase probability, Expected competing product price, Customer counts, Price consistency between competitors)",Automatic,CompeteAI: Understanding the Competition Dynamics in Large Language Model-based Agents,https://arxiv.org/abs/2310.17512
Decision making,Social and economic metrics,Probability weighting,Automatic,Decision-Making Behavior Evaluation Framework for LLMs under Uncertain Context,https://arxiv.org/abs/2406.05972
Decision making,Social and economic metrics,"Utility (Intrinsic Utility, Joint Utility)",Automatic,How Personality Traits Influence Negotiation Outcomes? A Simulation based on Large Language Models,https://arxiv.org/abs/2407.11549
Decision making,Psychological metrics,"Level of trust (distribution of amounts sent, trust rate)",Automatic,Can Large Language Model Agents Simulate Human Trust Behavior?,https://arxiv.org/abs/2402.04559
Decision making,Psychological metrics,Risk preference,Automatic,Decision-Making Behavior Evaluation Framework for LLMs under Uncertain Context,https://arxiv.org/abs/2406.05972
Decision making,Psychological metrics,Loss aversion,Automatic,Decision-Making Behavior Evaluation Framework for LLMs under Uncertain Context,https://arxiv.org/abs/2406.05972
Decision making,Psychological metrics,"Selfishness (Selfishness Index, Difference Index)",Automatic,Will LLMs Sink or Swim? Exploring Decision-Making Under Pressure,https://aclanthology.org/2024.findings-emnlp.668.pdf
Decision making,Performance metrics,Frequency (distribution of expert type),Automatic,DEEM: Dynamic Experienced Expert Modeling for Stance Detection,https://aclanthology.org/2024.lrec-main.405.pdf
Decision making,Performance metrics,Valid response rate,Automatic,Can Large Language Model Agents Simulate Human Trust Behavior?,https://arxiv.org/abs/2402.04559
Decision making,Performance metrics,"Web search quality (Mean reciprocal rank, Mean reciprocal rank)",Automatic,BASES: Large-scale Web Search User Simulation with Large Language Model based Agents,https://aclanthology.org/2024.findings-emnlp.50.pdf
Decision making,Performance metrics,"Performance deviations/alignment from the baseline (accuracy, Jaccard Index, Cohen’s Kappa Coefficient, Percentage Agreement, overlapping ratio between prediction and targets)",Automatic,Will LLMs Sink or Swim? Exploring Decision-Making Under Pressure,https://aclanthology.org/2024.findings-emnlp.668.pdf
Decision making,Performance metrics,"Performance deviations/alignment from the baseline (accuracy, Jaccard Index, Cohen’s Kappa Coefficient, Percentage Agreement, overlapping ratio between prediction and targets)",Automatic,AGENTREVIEW: Exploring Peer Review Dynamics with LLM Agents,https://aclanthology.org/2024.emnlp-main.70.pdf
Decision making,Performance metrics,"Performance deviations/alignment from the baseline (accuracy, Jaccard Index, Cohen’s Kappa Coefficient, Percentage Agreement, overlapping ratio between prediction and targets)",Automatic,DEEM: Dynamic Experienced Expert Modeling for Stance Detection,https://aclanthology.org/2024.lrec-main.405.pdf
Decision making,Performance metrics,"Performance deviations/alignment from the baseline (accuracy, Jaccard Index, Cohen’s Kappa Coefficient, Percentage Agreement, overlapping ratio between prediction and targets)",Automatic,Unleashing the Emergent Cognitive Synergy in Large Language Models: A Task-Solving Agent through Multi-Persona Self-Collaboration,https://arxiv.org/pdf/2307.05300
Decision making,Internal consistency metrics,"Behavioral alignment (lottery rate, behavior dynamic, Imitation and differentiation behavior, Proportion of similar and different dishes)",Automatic,Can Large Language Model Agents Simulate Human Trust Behavior?,https://arxiv.org/pdf/2402.04559
Decision making,Internal consistency metrics,"Behavioral alignment (lottery rate, behavior dynamic, Imitation and differentiation behavior, Proportion of similar and different dishes)",Automatic,CompeteAI: Understanding the Competition Dynamics in Large Language Model-based Agents,https://arxiv.org/abs/2310.17512
Decision making,Internal consistency metrics,Cultural appropriateness (Alignment between persona information and its assigned nationality),LLM,Schema-Guided Culture-Aware Complex Event Simulation with Multi-Agent Role-Play,https://aclanthology.org/2024.emnlp-demo.39.pdf
Decision making,External alignment metrics,Factual hallucinations (String matching overlap ratio),Automatic,Unleashing the Emergent Cognitive Synergy in Large Language Models: A Task-Solving Agent through Multi-Persona Self-Collaboration,https://arxiv.org/pdf/2307.05300
Decision making,External alignment metrics,Simulation capability (Turing test),Human,SRAP-Agent: Simulating and Optimizing Scarce Resource Allocation Policy with LLM-based Agent,https://aclanthology.org/2024.findings-emnlp.15.pdf
Decision making,External alignment metrics,Entailment,LLM,Schema-Guided Culture-Aware Complex Event Simulation with Multi-Agent Role-Play,https://aclanthology.org/2024.emnlp-demo.39.pdf
Decision making,External alignment metrics,Realism,LLM,Schema-Guided Culture-Aware Complex Event Simulation with Multi-Agent Role-Play,https://aclanthology.org/2024.emnlp-demo.39.pdf
Educational training,Psychological metrics,Perceived reflection on the development of essential non-cognitive skills,Human,Social Life Simulation for Non-Cognitive Skills Learning,https://arxiv.org/abs/2405.00273
Educational training,Psychological metrics,Non-cognitive skill scale,Automatic,Social Life Simulation for Non-Cognitive Skills Learning,https://arxiv.org/pdf/2405.00273
Educational training,Psychological metrics,Sense of immersion / Perceived immersion,Human,Generative Agent for Teacher Training: Designing Educational Problem-Solving Simulations with Large Language Model-based Agents for Pre-Service Teachers,https://www.researchgate.net/profile/Unggi-Lee/publication/377132774_Generative_Agent_for_Teacher_Training_Designing_Educational_Problem-Solving_Simulations_with_Large_Language_Model-based_Agents_for_Pre-Service_Teachers/links/6596a7af0bb2c7472b327ce7/Generative-Agent-for-Teacher-Training-Designing-Educational-Problem-Solving-Simulations-with-Large-Language-Model-based-Agents-for-Pre-Service-Teachers.pdf
Educational training,Psychological metrics,Perceived intelligence,Human,LLM-Powered AI Tutors with Personas for d/Deaf and Hard-of-Hearing Online Learners,https://arxiv.org/pdf/2411.09873
Educational training,Psychological metrics,Perceived enjoyment,Human,LLM-Powered AI Tutors with Personas for d/Deaf and Hard-of-Hearing Online Learners,https://arxiv.org/pdf/2411.09873
Educational training,Psychological metrics,Perceived trust,Human,LLM-Powered AI Tutors with Personas for d/Deaf and Hard-of-Hearing Online Learners,https://arxiv.org/pdf/2411.09873
Educational training,Psychological metrics,Perceived sense of connection,Human,LLM-Powered AI Tutors with Personas for d/Deaf and Hard-of-Hearing Online Learners,https://arxiv.org/pdf/2411.09873
Educational training,Psychological metrics,"Personality (Big Five Invertory, MBTI score, SD3 score, Linguistic Inquiry and Word Count framework, HEXACO)",Automatic,The Effects of Embodiment and Personality Expression on Learning in LLM-based Educational Agents,https://arxiv.org/pdf/2407.10993
Educational training,Psychological metrics,"Personality (Big Five Invertory, MBTI score, SD3 score, Linguistic Inquiry and Word Count framework, HEXACO)",Automatic,Personality-aware Student Simulation for Conversational Intelligent Tutoring Systems,https://arxiv.org/abs/2404.06762
Educational training,Psychological metrics,Perceived usefulness,Human,LLM-Powered AI Tutors with Personas for d/Deaf and Hard-of-Hearing Online Learners,https://arxiv.org/pdf/2411.09873
Educational training,Performance metrics,Density of knowledge-building,Automatic,Teach AI How to Code: Using Large Language Models as Teachable Agents for Programming Education,https://arxiv.org/abs/2309.14534
Educational training,Performance metrics,Effectiveness of questioning,Human,CGMI: Configurable General Multi-Agent Interaction Framework,https://arxiv.org/abs/2308.12503
Educational training,Performance metrics,Success criterion function outputs before operation and after operation,Human,METAAGENTS: SIMULATING INTERACTIONS OF HUMAN BEHAVIORS FOR LLM-BASED TASK-ORIENTED COORDINATION VIA COLLABORATIVE GENERATIVE AGENTS,https://arxiv.org/pdf/2310.06500
Educational training,External alignment metrics,"Knowledge level (reconfigurability, persistence, and adaptability)",Automatic,Teach AI How to Code: Using Large Language Models as Teachable Agents for Programming Education,https://arxiv.org/abs/2309.14534
Educational training,External alignment metrics,Perceived human-likeness,Human,LLM-Powered AI Tutors with Personas for d/Deaf and Hard-of-Hearing Online Learners,https://arxiv.org/pdf/2411.09873
Educational training,Content and textual metrics,Story Content Generation (narratives staging score),Automatic,Social Life Simulation for Non-Cognitive Skills Learning,https://arxiv.org/pdf/2405.00273
Educational training,Content and textual metrics,Willingness to speak,Human,CGMI: Configurable General Multi-Agent Interaction Framework,https://arxiv.org/abs/2308.12503
Educational training,Content and textual metrics,Authenticity,Human,Generative Agent for Teacher Training: Designing Educational Problem-Solving Simulations with Large Language Model-based Agents for Pre-Service Teachers,https://neurips.cc/virtual/2023/79074
Opinion dynamics,Psychological metrics,Opinion change,Human,“Tipping the Balance”: Human Intervention in Large Language Model Multi-Agent Debate,https://asistdl.onlinelibrary.wiley.com/doi/full/10.1002/pra2.1034
Opinion dynamics,Psychological metrics,Emotional density,Automatic,S3: Social-network Simulation System with Large Language Model-Empowered Agents,https://arxiv.org/abs/2307.14984
Opinion dynamics,Performance metrics,"Prediction accuracy (F1 score, AUC, MSE, MAE, depression risk prediction accuracy, suicide risk prediction accuracy)",Automatic,S3: Social-network Simulation System with Large Language Model-Empowered Agents,https://arxiv.org/abs/2307.14984
Opinion dynamics,Performance metrics,"Prediction accuracy (F1 score, AUC, MSE, MAE, depression risk prediction accuracy, suicide risk prediction accuracy)",Automatic,Unveiling the Truth and Facilitating Change: Towards Agent-based Large-scale Social Movement Simulation,https://arxiv.org/abs/2402.16333
Opinion dynamics,Performance metrics,"Prediction accuracy (F1 score, AUC, MSE, MAE, depression risk prediction accuracy, suicide risk prediction accuracy)",Automatic,Towards More Accurate US Presidential Election via Multi-step Reasoning with Large Language Models,https://arxiv.org/pdf/2411.03321
Opinion dynamics,Performance metrics,Classification accuracy,Human,CHATEVAL: TOWARDS BETTER LLM-BASED EVALUATORS THROUGH MULTI-AGENT DEBATE,https://arxiv.org/pdf/2308.07201
Opinion dynamics,Performance metrics,Rephrase accuracy,Automatic,Flooding Spread of Manipulated Knowledge in LLM-Based Multi-Agent Communities,https://arxiv.org/abs/2407.07791
Opinion dynamics,Performance metrics,"Legal articles evaluation (precision, recall, F1)",Automatic,AgentsCourt: Building Judicial Decision-Making Agents with Court Debate Simulation and Legal Knowledge Augmentation,https://aclanthology.org/2024.findings-emnlp.549.pdf
Opinion dynamics,Performance metrics,"Judgment evaluation for civil and administrative cases (precision, recall, F1)",Automatic,AgentsCourt: Building Judicial Decision-Making Agents with Court Debate Simulation and Legal Knowledge Augmentation,https://aclanthology.org/2024.findings-emnlp.549.pdf
Opinion dynamics,Performance metrics,Judgment evaluation for criminal cases (accuracy),Automatic,AgentsCourt: Building Judicial Decision-Making Agents with Court Debate Simulation and Legal Knowledge Augmentation,https://aclanthology.org/2024.findings-emnlp.549.pdf
Opinion dynamics,Performance metrics,Prediction error rate,Automatic,S3: Social-network Simulation System with Large Language Model-Empowered Agents,https://arxiv.org/abs/2307.14984
Opinion dynamics,Performance metrics,Locality accuracy,Automatic,Flooding Spread of Manipulated Knowledge in LLM-Based Multi-Agent Communities,https://arxiv.org/abs/2407.07791
Opinion dynamics,Performance metrics,Decision probability,Human,“Tipping the Balance”: Human Intervention in Large Language Model Multi-Agent Debate,https://asistdl.onlinelibrary.wiley.com/doi/full/10.1002/pra2.1034
Opinion dynamics,Performance metrics,Decision volatility,Human,“Tipping the Balance”: Human Intervention in Large Language Model Multi-Agent Debate,https://asistdl.onlinelibrary.wiley.com/doi/full/10.1002/pra2.1034
Opinion dynamics,Performance metrics,Case complexity,Human,“Tipping the Balance”: Human Intervention in Large Language Model Multi-Agent Debate,https://asistdl.onlinelibrary.wiley.com/doi/full/10.1002/pra2.1034
Opinion dynamics,Performance metrics,Alignment (compare simulation results with actual social outcomes),Automatic,Intelligent Computing Social Modeling and Methodological Innovations in Political Science in the Era of Large Language Models,https://arxiv.org/abs/2410.16301
Opinion dynamics,Internal consistency metrics,"Alignment (stance, content, behavior, static attitude distribution, time series of the average attitude)",Automatic,Unveiling the Truth and Facilitating Change: Towards Agent-based Large-scale Social Movement Simulation,https://arxiv.org/pdf/2402.16333
Opinion dynamics,Internal consistency metrics,Personality-behavior alignment,Human,Designing Reliable Experiments with Generative Agent-Based Modeling: A Comprehensive Guide Using Concordia by Google DeepMind,https://arxiv.org/abs/2411.07038
Opinion dynamics,Internal consistency metrics,"Similarity between initial and post preference (KL-divergence, RMSE)",Automatic,Using LLMs to Model the Beliefs and Preferences of Targeted Populations,https://arxiv.org/pdf/2403.20252
Opinion dynamics,Internal consistency metrics,Role playing,Human,CogGPT: Unleashing the Power of Cognitive Dynamics on Large Language Models,https://arxiv.org/pdf/2401.08438
Opinion dynamics,External alignment metrics,Correctness,Human,AgentsCourt: Building Judicial Decision-Making Agents with Court Debate Simulation and Legal Knowledge Augmentation,https://aclanthology.org/2024.findings-emnlp.549.pdf
Opinion dynamics,External alignment metrics,Accuracy (correctness),Automatic,Flooding Spread of Manipulated Knowledge in LLM-Based Multi-Agent Communities,https://arxiv.org/pdf/2407.07791
Opinion dynamics,External alignment metrics,Logicality,Human,AgentsCourt: Building Judicial Decision-Making Agents with Court Debate Simulation and Legal Knowledge Augmentation,https://aclanthology.org/2024.findings-emnlp.549.pdf
Opinion dynamics,External alignment metrics,Concision,Human,AgentsCourt: Building Judicial Decision-Making Agents with Court Debate Simulation and Legal Knowledge Augmentation,https://aclanthology.org/2024.findings-emnlp.549.pdf
Opinion dynamics,External alignment metrics,Human likeness index,Automatic,The Wisdom of Partisan Crowds: Comparing Collective Intelligence in Humans and LLM-based Agents,https://escholarship.org/uc/item/3k67x8s5
Opinion dynamics,External alignment metrics,"Alignment between model and human (Kappa correlation coefficient, MAE), Authenticity (alignment of ratings between the agent and human annotators)",Human,CHATEVAL: TOWARDS BETTER LLM-BASED EVALUATORS THROUGH MULTI-AGENT DEBATE,https://arxiv.org/pdf/2308.07201
Opinion dynamics,External alignment metrics,"Alignment between model and human (Kappa correlation coefficient, MAE), Authenticity (alignment of ratings between the agent and human annotators)",Human,“Tipping the Balance”: Human Intervention in Large Language Model Multi-Agent Debate,https://asistdl.onlinelibrary.wiley.com/doi/abs/10.1002/pra2.1034
Opinion dynamics,External alignment metrics,"Alignment between model and human (Kappa correlation coefficient, MAE), Authenticity (alignment of ratings between the agent and human annotators)",Human,CogGPT: Unleashing the Power of Cognitive Dynamics on Large Language Models,https://arxiv.org/pdf/2401.08438
Opinion dynamics,Content and textual metrics,"Turn-level Kendall-Tau correlation (naturalness, coherence, engagingness and groundedness)",Automatic,CHATEVAL: TOWARDS BETTER LLM-BASED EVALUATORS THROUGH MULTI-AGENT DEBATE,https://arxiv.org/pdf/2308.07201
Opinion dynamics,Content and textual metrics,"Turn-level Spearman correlation (naturalness, coherence, engagingness and groundedness)",Automatic,CHATEVAL: TOWARDS BETTER LLM-BASED EVALUATORS THROUGH MULTI-AGENT DEBATE,https://arxiv.org/pdf/2308.07201
Opinion dynamics,"Bias, fairness, and ethic metrics",Partisan bias,Automatic,The Wisdom of Partisan Crowds: Comparing Collective Intelligence in Humans and LLM-based Agents,https://escholarship.org/uc/item/3k67x8s5
Opinion dynamics,"Bias, fairness, and ethic metrics","Bias (cultural, linguistic, economic, demographic, ideological)",Automatic,Performance and biases of Large Language Models in public opinion simulation,https://www.nature.com/articles/s41599-024-03609-x
Opinion dynamics,"Bias, fairness, and ethic metrics",Bias (mean),Automatic,Simulating Opinion Dynamics with Networks of LLM-based Agents,https://arxiv.org/pdf/2311.09618
Opinion dynamics,"Bias, fairness, and ethic metrics",Extreme values,Automatic,The Wisdom of Partisan Crowds: Comparing Collective Intelligence in Humans and LLM-based Agents,https://escholarship.org/uc/item/3k67x8s5
Opinion dynamics,"Bias, fairness, and ethic metrics",Wisdom of Partisan Crowds effect,Automatic,The Wisdom of Partisan Crowds: Comparing Collective Intelligence in Humans and LLM-based Agents,https://escholarship.org/uc/item/3k67x8s5
Opinion dynamics,"Bias, fairness, and ethic metrics",Opinion diversity,Automatic,Simulating Opinion Dynamics with Networks of LLM-based Agents,https://arxiv.org/pdf/2311.09618
Psychological experiment,Social and economic metrics,Money allocation,Automatic,"FAIRMINDSIM: ALIGNMENT OF BEHAVIOR, EMOTION, AND BELIEF IN HUMANS AND LLM AGENTS AMID ETHICAL DILEMMAS",https://arxiv.org/pdf/2410.10398
Psychological experiment,Psychological metrics,Attitude change,Automatic,User Behavior Simulation with Large Language Model based Agents,https://arxiv.org/pdf/2306.02552
Psychological experiment,Psychological metrics,Average happiness value per time step,Automatic,AFSPP: Agent Framework for Shaping Preference and Personality with Large Language Models,https://arxiv.org/pdf/2401.02870
Psychological experiment,Psychological metrics,Belief value,Automatic,"FAIRMINDSIM: ALIGNMENT OF BEHAVIOR, EMOTION, AND BELIEF IN HUMANS AND LLM AGENTS AMID ETHICAL DILEMMAS",https://arxiv.org/pdf/2410.10398
Psychological experiment,Psychological metrics,"Personality (Big Five Invertory, MBTI score, SD3 score, Linguistic Inquiry and Word Count framework, HEXACO)",Automatic,AFSPP: Agent Framework for Shaping Preference and Personality with Large Language Models,https://arxiv.org/pdf/2401.02870
Psychological experiment,Psychological metrics,"Personality (Big Five Invertory, MBTI score, SD3 score, Linguistic Inquiry and Word Count framework, HEXACO)",Automatic,The use of ChatGPT for personality research: Administering questionnaires using generated personas,https://www.researchgate.net/profile/Joost-De-Winter/publication/374415968_The_use_of_ChatGPT_for_personality_research_Administering_questionnaires_using_generated_personas/links/6521a3863ab6cb4ec6c5b59b/The-use-of-ChatGPT-for-personality-research-Administering-questionnaires-using-generated-personas.pdf
Psychological experiment,Psychological metrics,"Personality (Big Five Invertory, MBTI score, SD3 score, Linguistic Inquiry and Word Count framework, HEXACO)",Automatic,Assessing Behavioral Alignment of Personality-Driven Generative Agents in Social Dilemma Games,https://openreview.net/forum?id=WCa25ExtbJ
Psychological experiment,Psychological metrics,"Personality (Big Five Invertory, MBTI score, SD3 score, Linguistic Inquiry and Word Count framework, HEXACO)",Automatic,PersonaLLM: Investigating the Ability of Large Language Models to Express Personality Traits,https://aclanthology.org/2024.findings-naacl.229.pdf
Psychological experiment,Psychological metrics,Longitudinal trajectories of emotions,Automatic,"Introducing CounseLLMe: A dataset of simulated mental health dialogues for comparing LLMs like Haiku, LLaMAntino and ChatGPT against humans",https://www.sciencedirect.com/science/article/pii/S2667118225000017
Psychological experiment,Psychological metrics,Valence entropy,Automatic,"FAIRMINDSIM: ALIGNMENT OF BEHAVIOR, EMOTION, AND BELIEF IN HUMANS AND LLM AGENTS AMID ETHICAL DILEMMAS",https://arxiv.org/pdf/2410.10398
Psychological experiment,Psychological metrics,Arousal entropy,Automatic,"FAIRMINDSIM: ALIGNMENT OF BEHAVIOR, EMOTION, AND BELIEF IN HUMANS AND LLM AGENTS AMID ETHICAL DILEMMAS",https://arxiv.org/pdf/2410.10398
Psychological experiment,Performance metrics,Precision of item recommendation,Automatic,User Behavior Simulation with Large Language Model based Agents,https://arxiv.org/pdf/2306.02552
Psychological experiment,Performance metrics,Missing rate,Automatic,"FAIRMINDSIM: ALIGNMENT OF BEHAVIOR, EMOTION, AND BELIEF IN HUMANS AND LLM AGENTS AMID ETHICAL DILEMMAS",https://arxiv.org/pdf/2410.10398
Psychological experiment,Performance metrics,Rejection rate,Automatic,"FAIRMINDSIM: ALIGNMENT OF BEHAVIOR, EMOTION, AND BELIEF IN HUMANS AND LLM AGENTS AMID ETHICAL DILEMMAS",https://arxiv.org/pdf/2410.10398
Psychological experiment,Internal consistency metrics,Correlation between social dilemma game outcome and agent personality,Automatic,Assessing Behavioral Alignment of Personality-Driven Generative Agents in Social Dilemma Games,https://openreview.net/forum?id=WCa25ExtbJ
Psychological experiment,Internal consistency metrics,Behavioral similarity,Automatic,Evolving Agents: Interactive Simulation of Dynamic and Diverse Human Personalities,https://arxiv.org/abs/2404.02718
Psychological experiment,Internal consistency metrics,"Perception consistency (agent perceived safety, agent perceived liveliness)",LLM,Generative agents in the streets: Exploring the use of Large Language Models (LLMs) in collecting urban perceptions,https://arxiv.org/abs/2312.13126
Psychological experiment,External alignment metrics,Rationality of the agent memory,Automatic,User Behavior Simulation with Large Language Model based Agents,https://arxiv.org/pdf/2306.02552
Psychological experiment,External alignment metrics,Believability of behavior,Automatic,User Behavior Simulation with Large Language Model based Agents,https://arxiv.org/abs/2306.02552
Psychological experiment,Content and textual metrics,Salience of individual words,Automatic,"Introducing CounseLLMe: A dataset of simulated mental health dialogues for comparing LLMs like Haiku, LLaMAntino and ChatGPT against humans",https://www.sciencedirect.com/science/article/pii/S2667118225000017
Psychological experiment,Content and textual metrics,Absolutist words,Automatic,"Introducing CounseLLMe: A dataset of simulated mental health dialogues for comparing LLMs like Haiku, LLaMAntino and ChatGPT against humans",https://www.sciencedirect.com/science/article/pii/S2667118225000017
Psychological experiment,Content and textual metrics,Personal pronouns or emotions,Automatic,"Introducing CounseLLMe: A dataset of simulated mental health dialogues for comparing LLMs like Haiku, LLaMAntino and ChatGPT against humans",https://www.sciencedirect.com/science/article/pii/S2667118225000017
Psychological experiment,Content and textual metrics,Information entropy,Automatic,User Behavior Simulation with Large Language Model based Agents,https://arxiv.org/pdf/2306.02552
Psychological experiment,Content and textual metrics,"Story (readability, personalness, redundancy, cohesiveness, likeability, believability)",Human,PersonaLLM: Investigating the Ability of Large Language Models to Express Personality Traits,https://aclanthology.org/2024.findings-naacl.229.pdf
Psychological experiment,Content and textual metrics,"Story (readability, personalness, redundancy, cohesiveness, likeability, believability)",LLM,PersonaLLM: Investigating the Ability of Large Language Models to Express Personality Traits,https://aclanthology.org/2024.findings-naacl.229.pdf
Simulated individual,Social and economic metrics,Numbers of generated peer support strategies,Automatic,ComPeer: A Generative Conversational Agent for Proactive Peer Support,https://dl.acm.org/doi/pdf/10.1145/3654777.3676430
Simulated individual,Social and economic metrics,Perceived social support questionnaire,Human,ComPeer: A Generative Conversational Agent for Proactive Peer Support,https://dl.acm.org/doi/pdf/10.1145/3654777.3676430
Simulated individual,Psychological metrics,Emotions,Human,"Future You: A Conversation with an AI-Generated Future Self Reduces Anxiety, Negative Emotions, and Increases Future Self-Continuity",https://arxiv.org/pdf/2405.12514
Simulated individual,Psychological metrics,Agency,Human,"Future You: A Conversation with an AI-Generated Future Self Reduces Anxiety, Negative Emotions, and Increases Future Self-Continuity",https://arxiv.org/pdf/2405.12514
Simulated individual,Psychological metrics,Future consideration,Human,"Future You: A Conversation with an AI-Generated Future Self Reduces Anxiety, Negative Emotions, and Increases Future Self-Continuity",https://arxiv.org/pdf/2405.12514
Simulated individual,Psychological metrics,Self-reflection,Human,"Future You: A Conversation with an AI-Generated Future Self Reduces Anxiety, Negative Emotions, and Increases Future Self-Continuity",https://arxiv.org/pdf/2405.12514
Simulated individual,Psychological metrics,Insight,Human,"Future You: A Conversation with an AI-Generated Future Self Reduces Anxiety, Negative Emotions, and Increases Future Self-Continuity",https://arxiv.org/pdf/2405.12514
Simulated individual,Psychological metrics,Persona Perception Scale,Human,Picturing the fictitious person: An exploratory study on the effect of images on user perceptions of AI-generated personas,https://www.sciencedirect.com/science/article/pii/S2949882124000124
Simulated individual,Psychological metrics,Persona Perception Scale,Human,Understanding Human-AI Workflows for Generating Personas,https://dl.acm.org/doi/abs/10.1145/3643834.3660729
Simulated individual,Psychological metrics,Persona Perception Scale,Human,"CloChat: Understanding How People Customize, Interact, and Experience Personas in Large Language Models",https://dl.acm.org/doi/pdf/10.1145/3613904.3642472
Simulated individual,Psychological metrics,Persona Perception Scale,Human,"An Empathy-Based Sandbox Approach to Bridge the Privacy Gap among Attitudes, Goals, Knowledge, and Behaviors",https://dl.acm.org/doi/10.1145/3613904.3642363
Simulated individual,Psychological metrics,Engagement,Human,SpeechAgents: Human-Communication Simulation with Multi-Modal Multi-Agent Systems,https://arxiv.org/abs/2401.03945
Simulated individual,Psychological metrics,Safety,Human,SpeechAgents: Human-Communication Simulation with Multi-Modal Multi-Agent Systems,https://arxiv.org/abs/2401.03945
Simulated individual,Psychological metrics,Sensitivity to personalization,Automatic,Human and LLM Biases in Hate Speech Annotations: A Socio-Demographic Analysis of Annotators and Targets,https://arxiv.org/abs/2410.07991
Simulated individual,Psychological metrics,Agent self-awareness,LLM,Human Simulacra: Benchmarking the Personification of Large Language Models,https://arxiv.org/abs/2402.18180
Simulated individual,Psychological metrics,Personality (Big Five Invertory rated by LLM),LLM,Evaluating and Inducing Personality in Pre-trained Language Models,https://proceedings.neurips.cc/paper_files/paper/2023/hash/21f7b745f73ce0d1f9bcea7f40b1388e-Abstract-Conference.html
Simulated individual,Psychological metrics,Positively mention rate,Automatic,Exploring Changes in Nation Perception with Nationality-Assigned Personas in LLMs,https://arxiv.org/abs/2406.13993
Simulated individual,Psychological metrics,Optimism,Human,"Future You: A Conversation with an AI-Generated Future Self Reduces Anxiety, Negative Emotions, and Increases Future Self-Continuity",https://arxiv.org/pdf/2405.12514
Simulated individual,Psychological metrics,Self-esteem,Human,"Future You: A Conversation with an AI-Generated Future Self Reduces Anxiety, Negative Emotions, and Increases Future Self-Continuity",https://arxiv.org/pdf/2405.12514
Simulated individual,Psychological metrics,Pressure perceived scale,Human,ComPeer: A Generative Conversational Agent for Proactive Peer Support,https://dl.acm.org/doi/pdf/10.1145/3654777.3676430
Simulated individual,Performance metrics,"Error rates (error of average, error of dispersion)",Automatic,DiverseDialogue: A Methodology for Designing Chatbots with Human-Like Diversity,https://arxiv.org/pdf/2409.00262
Simulated individual,Performance metrics,"Model fit indices (Chi-square to degrees of freedom ratio, Comparative Fit Index, Tucker-Lewis Index, Root Mean Square Error of Approximation)",Automatic,Human-AI Synergy in Survey Development: Implications from Large Language Models in Business and Research,https://dl.acm.org/doi/pdf/10.1145/3700597
Simulated individual,Performance metrics,Knowledge accuracy (WikiRoleEval with human evaluators),Human,ERABAL: Enhancing Role-Playing Agents through Boundary-Aware Learning,https://arxiv.org/pdf/2409.14710
Simulated individual,Performance metrics,Knowledge accuracy (WikiRoleEval),LLM,ERABAL: Enhancing Role-Playing Agents through Boundary-Aware Learning,https://arxiv.org/pdf/2409.14710
Simulated individual,Performance metrics,Win rates,Automatic,AMONGAGENTS: Evaluating Large Language Models in the Interactive Text-Based Social Deduction Game,https://arxiv.org/abs/2407.16521
Simulated individual,Performance metrics,Comprehension,Automatic,Understanding Human-AI Workflows for Generating Personas,https://dl.acm.org/doi/abs/10.1145/3643834.3660729
Simulated individual,Performance metrics,Completeness,Automatic,Understanding Human-AI Workflows for Generating Personas,https://dl.acm.org/doi/abs/10.1145/3643834.3660729
Simulated individual,Performance metrics,"Validity (average variance extracted, inter-construct correlations)",Automatic,Human-AI Synergy in Survey Development: Implications from Large Language Models in Business and Research,https://dl.acm.org/doi/pdf/10.1145/3700597
Simulated individual,Performance metrics,Composite reliability,Automatic,Human-AI Synergy in Survey Development: Implications from Large Language Models in Business and Research,https://dl.acm.org/doi/pdf/10.1145/3700597
Simulated individual,Performance metrics,Rated statement quality,Human,Improving Interpersonal Communication by Simulating Audiences with Language Models,https://arxiv.org/abs/2311.00687
Simulated individual,Performance metrics,Rated statement quality,LLM,Improving Interpersonal Communication by Simulating Audiences with Language Models,https://arxiv.org/abs/2311.00687
Simulated individual,Performance metrics,Conversational ability (CharacterEval),LLM,ERABAL: Enhancing Role-Playing Agents through Boundary-Aware Learning,https://arxiv.org/pdf/2409.14710
Simulated individual,Performance metrics,Roleplay subset of MT-Bench,LLM,ERABAL: Enhancing Role-Playing Agents through Boundary-Aware Learning,https://arxiv.org/pdf/2409.14710
Simulated individual,Performance metrics,Professional scale (accuracy in replicating profession-specific knowledge),LLM,Identity-Driven Hierarchical Role-Playing Agents,https://arxiv.org/abs/2407.19412
Simulated individual,Performance metrics,Language quality,LLM,SpeechAgents: Human-Communication Simulation with Multi-Modal Multi-Agent Systems,https://arxiv.org/abs/2401.03945
Simulated individual,Performance metrics,"Prediction accuracy between real data and generated data (Replication success rate, Kullback-Leibler divergence)",Automatic,Human Testing using Large-Language Models: Experimental Research and the Development of a Security Awareness Controls Framework,http://www.modsimworld.org/papers/2024/MODSIM_2024_paper_13.pdf
Simulated individual,Performance metrics,"Prediction accuracy between real data and generated data (Replication success rate, Kullback-Leibler divergence)",Automatic,Chrono-Sampling: Generative AI Enabled Time Machine for Public Opinion Data Collection,https://osf.io/preprints/psyarxiv/49ags_v1
Simulated individual,Performance metrics,"Prediction accuracy between real data and generated data (Replication success rate, Kullback-Leibler divergence)",Automatic,"Generative Agent Simulations of 1,000 People",https://arxiv.org/abs/2411.10109
Simulated individual,Performance metrics,"Prediction accuracy between real data and generated data (Replication success rate, Kullback-Leibler divergence)",Automatic,Using Large Language Models to Create AI Personas for Replication and Prediction of Media Effects: An Empirical Test of 133 Published Experimental Research Findings,https://arxiv.org/abs/2408.16073
Simulated individual,Performance metrics,Accuracy of distinguishing between AI-generated and human-built solutions,Automatic,Generating personas using LLMs and assessing their viability,https://dl.acm.org/doi/abs/10.1145/3613905.3650860
Simulated individual,Internal consistency metrics,Accuracy of reaction based on social relationship,Automatic,"RoleAgent: Building, Interacting, and Benchmarking High-quality Role-Playing Agents from Scripts",https://openreview.net/forum?id=hORTHzt2cE
Simulated individual,Internal consistency metrics,Perceived connection between personas and system outcomes,Human,"An Empathy-Based Sandbox Approach to Bridge the Privacy Gap among Attitudes, Goals, Knowledge, and Behaviors",https://dl.acm.org/doi/10.1145/3613904.3642363
Simulated individual,Internal consistency metrics,"Representativeness (Wasserstein distance, respond with similar answers to individual survey questions), Consistency (Frobenius norm, the correlation across responses to a set of questions in each survey)",Automatic,Virtual Personas for Language Models via an Anthology of Backstories,https://arxiv.org/abs/2407.06576
Simulated individual,Internal consistency metrics,Role consistency (WikiRoleEval with human evaluators),Human,ERABAL: Enhancing Role-Playing Agents through Boundary-Aware Learning,https://arxiv.org/pdf/2409.14710
Simulated individual,Internal consistency metrics,"Role consistency/attractiveness (WikiRoleEval, CharacterEval)",LLM,ERABAL: Enhancing Role-Playing Agents through Boundary-Aware Learning,https://arxiv.org/pdf/2409.14710
Simulated individual,Internal consistency metrics,Consistency,Human,SpeechAgents: Human-Communication Simulation with Multi-Modal Multi-Agent Systems,https://arxiv.org/abs/2401.03945
Simulated individual,Internal consistency metrics,Consistency,Human,e-THERAPIST: I suggest you to cultivate a mindset of positivity and nurture uplifting thoughts,https://aclanthology.org/2023.emnlp-main.861.pdf
Simulated individual,Internal consistency metrics,Future self-continuity,Human,"Future You: A Conversation with an AI-Generated Future Self Reduces Anxiety, Negative Emotions, and Increases Future Self-Continuity",https://arxiv.org/pdf/2405.12514
Simulated individual,Internal consistency metrics,Agreement between a synthetic annotator both with and without a leave-one-out attribute (Cohen's Kappa),Automatic,PERSONA: A Reproducible Testbed for Pluralistic Alignment,https://arxiv.org/abs/2407.17387
Simulated individual,Internal consistency metrics,Consistency with the scenario and characters,Automatic,SpeechAgents: Human-Communication Simulation with Multi-Modal Multi-Agent Systems,https://arxiv.org/abs/2401.03945
Simulated individual,Internal consistency metrics,Quality and logical coherence of the script content,Automatic,SpeechAgents: Human-Communication Simulation with Multi-Modal Multi-Agent Systems,https://arxiv.org/abs/2401.03945
Simulated individual,Internal consistency metrics,Nation-related response percentage,Automatic,Exploring Changes in Nation Perception with Nationality-Assigned Personas in LLMs,https://arxiv.org/abs/2406.13993
Simulated individual,External alignment metrics,Unknown question rejection (WikiRoleEval with human evaluators),Human,ERABAL: Enhancing Role-Playing Agents through Boundary-Aware Learning,https://arxiv.org/pdf/2409.14710
Simulated individual,External alignment metrics,Unknown question rejection (WikiRoleEval),LLM,ERABAL: Enhancing Role-Playing Agents through Boundary-Aware Learning,https://arxiv.org/pdf/2409.14710
Simulated individual,External alignment metrics,Accuracy of self-knowledge,Automatic,"RoleAgent: Building, Interacting, and Benchmarking High-quality Role-Playing Agents from Scripts",https://openreview.net/forum?id=hORTHzt2cE
Simulated individual,External alignment metrics,Correctness,Human,SpeechAgents: Human-Communication Simulation with Multi-Modal Multi-Agent Systems,https://arxiv.org/abs/2401.03945
Simulated individual,External alignment metrics,Correctness,Human,Large language models are able to downplay their cognitive abilities to fit the persona they simulate,https://journals.plos.org/plosone/article?id=10.1371/journal.pone.0298522
Simulated individual,External alignment metrics,"Agreement score between human raters and LLM, ",Automatic,Improving Interpersonal Communication by Simulating Audiences with Language Models,https://arxiv.org/abs/2311.00687
Simulated individual,External alignment metrics,"Agreement score between human raters and LLM, ",Automatic,Evaluating and Inducing Personality in Pre-trained Language Models,https://proceedings.neurips.cc/paper_files/paper/2023/hash/21f7b745f73ce0d1f9bcea7f40b1388e-Abstract-Conference.html
Simulated individual,External alignment metrics,"Agreement score between human raters and LLM, ",Automatic,"RoleAgent: Building, Interacting, and Benchmarking High-quality Role-Playing Agents from Scripts",https://openreview.net/forum?id=hORTHzt2cE
Simulated individual,External alignment metrics,Human-likeness,Human,SpeechAgents: Human-Communication Simulation with Multi-Modal Multi-Agent Systems,https://arxiv.org/abs/2401.03945
Simulated individual,Content and textual metrics,"Content similarity (ROUGE-L, BERTScore, GPT-based-similarity, G-eval)",Automatic,Understanding Human-AI Workflows for Generating Personas,https://dl.acm.org/doi/abs/10.1145/3643834.3660729
Simulated individual,Content and textual metrics,Entity density of summarization,Automatic,"RoleAgent: Building, Interacting, and Benchmarking High-quality Role-Playing Agents from Scripts",https://openreview.net/forum?id=hORTHzt2cE
Simulated individual,Content and textual metrics,Entity recall of summarization,Automatic,"RoleAgent: Building, Interacting, and Benchmarking High-quality Role-Playing Agents from Scripts",https://openreview.net/forum?id=hORTHzt2cE
Simulated individual,Content and textual metrics,Dialog diversity,Automatic,DiverseDialogue: A Methodology for Designing Chatbots with Human-Like Diversity,https://arxiv.org/pdf/2409.00262
Simulated individual,"Bias, fairness, and ethic metrics",Hate speech detection accuracy,Automatic,Human and LLM Biases in Hate Speech Annotations: A Socio-Demographic Analysis of Annotators and Targets,https://arxiv.org/abs/2410.07991
Simulated individual,"Bias, fairness, and ethic metrics",Population heterogeneity,Automatic,"One fish, two fish, but not the whole sea: Alignment reduces language models’ conceptual diversity",https://arxiv.org/pdf/2411.04427
Simulated society,Social and economic metrics,Social Conflict Count,Automatic,Emergence of Social Norms in Generative Agent Societies: Principles and Architecture,https://arxiv.org/abs/2403.08251
Simulated society,Social and economic metrics,Social Rules,Human,SOTOPIA: INTERACTIVE EVALUATION FOR SOCIAL INTELLIGENCE IN LANGUAGE AGENTS,https://arxiv.org/pdf/2310.11667
Simulated society,Social and economic metrics,Social Rules,LLM,SOTOPIA: INTERACTIVE EVALUATION FOR SOCIAL INTELLIGENCE IN LANGUAGE AGENTS,https://arxiv.org/pdf/2310.11667
Simulated society,Social and economic metrics,Financial and Material Benefits,Human,SOTOPIA: INTERACTIVE EVALUATION FOR SOCIAL INTELLIGENCE IN LANGUAGE AGENTS,https://arxiv.org/pdf/2310.11667
Simulated society,Social and economic metrics,Financial and Material Benefits,LLM,SOTOPIA: INTERACTIVE EVALUATION FOR SOCIAL INTELLIGENCE IN LANGUAGE AGENTS,https://arxiv.org/pdf/2310.11667
Simulated society,Social and economic metrics,Converged price,Automatic,Shall We Team Up: Exploring Spontaneous Cooperation of Competing LLM Agents,https://arxiv.org/pdf/2402.12327
Simulated society,Social and economic metrics,Information diffusion,Automatic,Generative Agents: Interactive Simulacra of Human Behavior,https://dl.acm.org/doi/abs/10.1145/3586183.3606763
Simulated society,Psychological metrics,Relationship formation,Automatic,Generative Agents: Interactive Simulacra of Human Behavior,https://dl.acm.org/doi/abs/10.1145/3586183.3606763
Simulated society,Social and economic metrics,Relationship,LLM,SOTOPIA: INTERACTIVE EVALUATION FOR SOCIAL INTELLIGENCE IN LANGUAGE AGENTS,https://arxiv.org/pdf/2310.11667
Simulated society,Performance metrics,Response accuracy,Automatic,Generative Agents: Interactive Simulacra of Human Behavior,https://dl.acm.org/doi/abs/10.1145/3586183.3606763
Simulated society,Social and economic metrics,Coordination within other agents,Automatic,Generative Agents: Interactive Simulacra of Human Behavior,https://dl.acm.org/doi/abs/10.1145/3586183.3606763
Simulated society,Social and economic metrics,Probability of social connection formation,Automatic,Do LLM Agents Exhibit Social Behavior?,https://arxiv.org/abs/2312.15198
Simulated society,Social and economic metrics,Percent of social welfare maximization choices,Automatic,Do LLM Agents Exhibit Social Behavior?,https://arxiv.org/abs/2312.15198
Simulated society,Social and economic metrics,"Persuasion (distribution of persuasion outcomes, odds ratios)",Automatic,I Want to Break Free! Persuasion and Anti-Social Behavior of LLMs in Multi-Agent Settings with Social Hierarchy,https://arxiv.org/pdf/2410.07109
Simulated society,Social and economic metrics,Anti-social behavior (effect on toxic messages),Automatic,I Want to Break Free! Persuasion and Anti-Social Behavior of LLMs in Multi-Agent Settings with Social Hierarchy,https://arxiv.org/pdf/2410.07109
Simulated society,Social and economic metrics,Norm Internalization Rate,Automatic,Emergence of Social Norms in Generative Agent Societies: Principles and Architecture,https://arxiv.org/abs/2403.08251
Simulated society,Social and economic metrics,Norm Compliance Rate,Automatic,Emergence of Social Norms in Generative Agent Societies: Principles and Architecture,https://arxiv.org/abs/2403.08251
Simulated society,Psychological metrics,NASA-TLX Scores,Human,"See Widely, Think Wisely: Toward Designing a Generative Multi-agent System to Burst Filter Bubbles",https://dl.acm.org/doi/abs/10.1145/3613904.3642545
Simulated society,Psychological metrics,Helpfulness rating,Human,"See Widely, Think Wisely: Toward Designing a Generative Multi-agent System to Burst Filter Bubbles",https://dl.acm.org/doi/abs/10.1145/3613904.3642545
Simulated society,Psychological metrics,"Personality (Big Five Invertory, MBTI score, SD3 score, Linguistic Inquiry and Word Count framework, HEXACO)",Automatic,LLM Agents in Interaction: Measuring Personality Consistency and Linguistic Alignment in Interacting Populations of Large Language Models,https://arxiv.org/abs/2402.02896
Simulated society,Psychological metrics,"Personality (Big Five Invertory, MBTI score, SD3 score, Linguistic Inquiry and Word Count framework, HEXACO)",Automatic,Evolving Agents: Interactive Simulation of Dynamic and Diverse Human Personalities,https://arxiv.org/abs/2404.02718
Simulated society,Psychological metrics,Degree of reciprocity,Automatic,Do LLM Agents Exhibit Social Behavior?,https://arxiv.org/abs/2312.15198
Simulated society,Psychological metrics,Pleasure rating,Human,"See Widely, Think Wisely: Toward Designing a Generative Multi-agent System to Burst Filter Bubbles",https://dl.acm.org/doi/abs/10.1145/3613904.3642545
Simulated society,Psychological metrics,Trend of Favorability Decline,Automatic,AgentGroupChat: An Interactive Group Chat Simulacra For Better Eliciting Emergent Behavior,https://arxiv.org/abs/2403.13433
Simulated society,Psychological metrics,Negative Favorability Achievement,Automatic,AgentGroupChat: An Interactive Group Chat Simulacra For Better Eliciting Emergent Behavior,https://arxiv.org/abs/2403.13433
Simulated society,Psychological metrics,Trend of Favorability Decline,Automatic,AgentGroupChat: An Interactive Group Chat Simulacra For Better Eliciting Emergent Behavior,https://arxiv.org/abs/2403.13433
Simulated society,Psychological metrics,Negative Favorability Achievement,Automatic,AgentGroupChat: An Interactive Group Chat Simulacra For Better Eliciting Emergent Behavior,https://arxiv.org/abs/2403.13433
Simulated society,Performance metrics,Abstention accuracy,Automatic,Plurals: A System for Guiding LLMs Via Simulated Social Ensembles,https://arxiv.org/pdf/2409.17213
Simulated society,Performance metrics,Accuracy of information gathering,Automatic,Lyfe Agents: Generative agents for low-cost real-time social interactions,https://arxiv.org/abs/2310.02172
Simulated society,Performance metrics,Implicit reasoning accuracy,Automatic,AgentSense: Benchmarking Social Intelligence of Language Agents through Interactive Scenarios,https://arxiv.org/abs/2410.19346
Simulated society,Performance metrics,"Prediction accuracy (F1 score, AUC, MSE, MAE, depression risk prediction accuracy, suicide risk prediction accuracy)",Automatic,Depression Diagnosis Dialogue Simulation: Self-improving Psychiatrist with Tertiary Memory,https://arxiv.org/html/2409.15084v1
Simulated society,Performance metrics,Guess accuracy,Automatic,Do LLM Agents Exhibit Social Behavior?,https://arxiv.org/abs/2312.15198
Simulated society,Performance metrics,Classification accuracy,Automatic,Hello Again! LLM-powered Personalized Agent for Long-term Dialogue,https://arxiv.org/abs/2406.05925
Simulated society,Performance metrics,Success rate,Automatic,Lyfe Agents: Generative agents for low-cost real-time social interactions,https://arxiv.org/abs/2310.02172
Simulated society,Performance metrics,Success rate,Automatic,MetaAgents: Simulating Interactions of Human Behaviors for LLM-based Task-oriented Coordination via Collaborative Generative Agents,https://arxiv.org/abs/2310.06500
Simulated society,Performance metrics,Success rate,Automatic,MetaAgents: Simulating Interactions of Human Behaviors for LLM-based Task-oriented Coordination via Collaborative Generative Agents,https://arxiv.org/abs/2310.06500
Simulated society,Performance metrics,"Success rate for coordination (identification accuracy, workflow correctness, alignment between job and agent's skill)",Automatic,MetaAgents: Simulating Interactions of Human Behaviors for LLM-based Task-oriented Coordination via Collaborative Generative Agents,https://arxiv.org/pdf/2310.06500
Simulated society,Performance metrics,"Success rate for coordination (identification accuracy, workflow correctness, alignment between job and agent's skill)",Automatic,MetaAgents: Simulating Interactions of Human Behaviors for LLM-based Task-oriented Coordination via Collaborative Generative Agents,https://arxiv.org/pdf/2310.06500
Simulated society,Performance metrics,Task Accuracy,Automatic,Exploring Collaboration Mechanisms for LLM Agents: A Social Psychology View,https://aclanthology.org/2024.acl-long.782.pdf
Simulated society,Performance metrics,Task Accuracy,Automatic,Depression Diagnosis Dialogue Simulation: Self-improving Psychiatrist with Tertiary Memory,https://arxiv.org/html/2409.15084v1
Simulated society,Performance metrics,Errors in the prompting sequence,Human,Prompting for Socially Intelligent Agents with ChatGPT,https://dl.acm.org/doi/abs/10.1145/3570945.3607303
Simulated society,Performance metrics,Error-free execution,Automatic,MegaAgent: A Practical Framework for Autonomous Cooperation in Large-Scale LLM Agent Systems,https://arxiv.org/pdf/2408.09955
Simulated society,Performance metrics,Goal completion,Human,AgentSense: Benchmarking Social Intelligence of Language Agents through Interactive Scenarios,https://arxiv.org/abs/2410.19346
Simulated society,Performance metrics,Goal completion,LLM,Is this the real life? Is this just fantasy? The Misleading Success of Simulating Social Interactions With LLMs,https://aclanthology.org/2024.emnlp-main.1208.pdf
Simulated society,Performance metrics,Goal completion,LLM,AgentSense: Benchmarking Social Intelligence of Language Agents through Interactive Scenarios,https://arxiv.org/abs/2410.19346
Simulated society,Performance metrics,Goal completion,LLM,SOTOPIA: INTERACTIVE EVALUATION FOR SOCIAL INTELLIGENCE IN LANGUAGE AGENTS,https://arxiv.org/pdf/2310.11667
Simulated society,Performance metrics,Efficacy,Human,Plurals: A System for Guiding LLMs Via Simulated Social Ensembles,https://arxiv.org/pdf/2409.17213
Simulated society,Performance metrics,Knowledge,Human,SOTOPIA: INTERACTIVE EVALUATION FOR SOCIAL INTELLIGENCE IN LANGUAGE AGENTS,https://arxiv.org/pdf/2310.11667
Simulated society,Performance metrics,Knowledge,LLM,SOTOPIA: INTERACTIVE EVALUATION FOR SOCIAL INTELLIGENCE IN LANGUAGE AGENTS,https://arxiv.org/pdf/2310.11667
Simulated society,Performance metrics,Reasoning abilities,Automatic,AGENTVERSE: FACILITATING MULTI-AGENT COLLABORATION AND EXPLORING EMERGENT BEHAVIORS,https://arxiv.org/pdf/2308.10848
Simulated society,Performance metrics,Reasoning abilities,Human,AGENTVERSE: FACILITATING MULTI-AGENT COLLABORATION AND EXPLORING EMERGENT BEHAVIORS,https://arxiv.org/pdf/2308.10848
Simulated society,Performance metrics,Efficiency,Automatic,Cooperate or Collapse: Emergence of Sustainable Cooperation in a Society of LLM Agents,https://arxiv.org/pdf/2404.16698
Simulated society,Performance metrics,"Text understanding and creative writing abilities (Dialogue response dataset, Commongen Challenge)",LLM,AGENTVERSE: FACILITATING MULTI-AGENT COLLABORATION AND EXPLORING EMERGENT BEHAVIORS,https://arxiv.org/pdf/2308.10848
Simulated society,Performance metrics,"Probabilities of receiving, storing, and retrieving the key information across the population",Automatic,Lyfe Agents: Generative agents for low-cost real-time social interactions,https://arxiv.org/abs/2310.02172
Simulated society,Performance metrics,Correlation between predicted and real results,Automatic,Psychologically-Valid Generative Agents: A Novel Approach to Agent-Based Modeling in Social Sciences,https://ojs.aaai.org/index.php/AAAI-SS/article/view/27698
Simulated society,Internal consistency metrics,Behavioral similarity,Automatic,Evolving Agents: Interactive Simulation of Dynamic and Diverse Human Personalities,https://arxiv.org/abs/2404.02718
Simulated society,Internal consistency metrics,Semantic consistency (cosine similarity),Automatic,Interactive Agents: Simulating Counselor-Client Psychological Counseling via Role-Playing LLM-to-LLM Interactions,https://arxiv.org/abs/2408.15787
Simulated society,External alignment metrics,"Alignment (Environmental understanding and response accuracy, adherence to predefined settings)",Automatic,AgentGroupChat: An Interactive Group Chat Simulacra For Better Eliciting Emergent Behavior,https://arxiv.org/abs/2403.13433
Simulated society,External alignment metrics,Strategy accuracy (strategies provided by the models vs. by human experts and evaluate the accuracy),Automatic,Self-Emotion Blended Dialogue Generation in Social Simulation Agents,https://arxiv.org/abs/2408.01633
Simulated society,External alignment metrics,Believability of behavior,Human,SOTOPIA: INTERACTIVE EVALUATION FOR SOCIAL INTELLIGENCE IN LANGUAGE AGENTS,https://arxiv.org/pdf/2310.11667
Simulated society,External alignment metrics,Believability of behavior,Human,Generative Agents: Interactive Simulacra of Human Behavior,https://dl.acm.org/doi/abs/10.1145/3586183.3606763
Simulated society,Content and textual metrics,"Content similarity (ROUGE-L, BERTScore, GPT-based-similarity, G-eval, BLEU-4)",Automatic,Hello Again! LLM-powered Personalized Agent for Long-term Dialogue,https://arxiv.org/abs/2406.05925
Simulated society,Content and textual metrics,"Content similarity (ROUGE-L, BERTScore, GPT-based-similarity, G-eval)",Automatic,Towards Humanoid: Value-Driven Agent Modeling Based on Large Language Models,https://openreview.net/forum?id=irKHAnZjvc
Simulated society,Content and textual metrics,"Content similarity (ROUGE-L, BERTScore, GPT-based-similarity, G-eval)",Automatic,e-THERAPIST: I suggest you to cultivate a mindset of positivity and nurture uplifting thoughts,https://aclanthology.org/2023.emnlp-main.861.pdf
Simulated society,Content and textual metrics,Semantic understanding,Automatic,AgentGroupChat: An Interactive Group Chat Simulacra For Better Eliciting Emergent Behavior,https://arxiv.org/abs/2403.13433
Simulated society,Content and textual metrics,Complexity of generated content,Automatic,Prompting for Socially Intelligent Agents with ChatGPT,https://dl.acm.org/doi/abs/10.1145/3570945.3607303
Simulated society,Content and textual metrics,Dialogue generation quality,Automatic,Prompting for Socially Intelligent Agents with ChatGPT,https://dl.acm.org/doi/abs/10.1145/3570945.3607303
Simulated society,Content and textual metrics,Number of conversation rounds,Automatic,"See Widely, Think Wisely: Toward Designing a Generative Multi-agent System to Burst Filter Bubbles",https://dl.acm.org/doi/abs/10.1145/3613904.3642545
Simulated society,"Bias, fairness, and ethic metrics","Bias rate (herd effect, authority effect, ban franklin effect, rumor chain effect, gambler's fallacy, confirmation bias, halo effect)",Human,EXPLORING PROSOCIAL IRRATIONALITY FOR LLM AGENTS: A SOCIAL COGNITION VIEW,https://arxiv.org/pdf/2405.14744
Simulated society,"Bias, fairness, and ethic metrics","Bias rate (herd effect, authority effect, ban franklin effect, rumor chain effect, gambler's fallacy, confirmation bias, halo effect)",LLM,EXPLORING PROSOCIAL IRRATIONALITY FOR LLM AGENTS: A SOCIAL COGNITION VIEW,https://arxiv.org/pdf/2405.14744
Simulated society,"Bias, fairness, and ethic metrics","Bias rate (herd effect, authority effect, ban franklin effect, rumor chain effect, gambler's fallacy, confirmation bias, halo effect)",Automatic,EXPLORING PROSOCIAL IRRATIONALITY FOR LLM AGENTS: A SOCIAL COGNITION VIEW,https://arxiv.org/pdf/2405.14744
Simulated society,"Bias, fairness, and ethic metrics",Equality,Automatic,Cooperate or Collapse: Emergence of Sustainable Cooperation in a Society of LLM Agents,https://arxiv.org/pdf/2404.16698
Writing,Psychological metrics,"Qualitative feedback (expertise, social relation, valence, level of involvement)",Human,Writer-Defined AI Personas for On-Demand Feedback Generation,https://dl.acm.org/doi/abs/10.1145/3613904.3642406
Writing,Performance metrics,"Prediction accuracy (F1 score, AUC, MSE, MAE, depression risk prediction accuracy, suicide risk prediction accuracy)",Automatic,UNLEASHING COGNITIVE SYNERGY IN LARGE LANGUAGE MODELS: A TASK-SOLVING AGENT THROUGH MULTI-PERSONA SELF-COLLABORATION,https://www.researchgate.net/profile/Wenshan-Wu-2/publication/372286729_Unleashing_Cognitive_Synergy_in_Large_Language_Models_A_Task-Solving_Agent_through_Multi-Persona_Self-Collaboration/links/653b83255d51a8012b727b89/Unleashing-Cognitive-Synergy-in-Large-Language-Models-A-Task-Solving-Agent-through-Multi-Persona-Self-Collaboration.pdf
Writing,Performance metrics,Success rate,Automatic,StoryVerse: Towards Co-authoring Dynamic Plot with LLM-based Character Simulation via Narrative Planning,https://dl.acm.org/doi/abs/10.1145/3649921.3656987
Writing,Performance metrics,Behavioral patterns,Human,"See Widely, Think Wisely: Toward Designing a Generative Multi-agent System to Burst Filter Bubbles",https://dl.acm.org/doi/abs/10.1145/3613904.3642545
Writing,Internal consistency metrics,"Consistency (user profile, psychotherapeutic approach)",Automatic,e-THERAPIST: I suggest you to cultivate a mindset of positivity and nurture uplifting thoughts,https://aclanthology.org/2023.emnlp-main.861.pdf
Writing,Internal consistency metrics,Motivational consistency,LLM,StoryVerse: Towards Co-authoring Dynamic Plot with LLM-based Character Simulation via Narrative Planning,https://dl.acm.org/doi/abs/10.1145/3649921.3656987
Writing,Internal consistency metrics,Audience similarity,Human,Proxona: Supporting Creators’ Sensemaking and Ideation with LLM-Powered Audience Personas,https://arxiv.org/pdf/2408.10937
Writing,Internal consistency metrics,"Quality of generated dimension & values (relevance, mutual exclusiveness)",Human,Proxona: Supporting Creators’ Sensemaking and Ideation with LLM-Powered Audience Personas,https://arxiv.org/pdf/2408.10937
Writing,External alignment metrics,Factual error rate,Automatic,UNLEASHING COGNITIVE SYNERGY IN LARGE LANGUAGE MODELS: A TASK-SOLVING AGENT THROUGH MULTI-PERSONA SELF-COLLABORATION,https://www.researchgate.net/profile/Wenshan-Wu-2/publication/372286729_Unleashing_Cognitive_Synergy_in_Large_Language_Models_A_Task-Solving_Agent_through_Multi-Persona_Self-Collaboration/links/653b83255d51a8012b727b89/Unleashing-Cognitive-Synergy-in-Large-Language-Models-A-Task-Solving-Agent-through-Multi-Persona-Self-Collaboration.pdf
Writing,External alignment metrics,"Correctness (politeness, interpersonal behaviour)",Automatic,e-THERAPIST: I suggest you to cultivate a mindset of positivity and nurture uplifting thoughts,https://aclanthology.org/2023.emnlp-main.861.pdf
Writing,External alignment metrics,Hallucination (groundedness of the chat responses),Human,Proxona: Supporting Creators’ Sensemaking and Ideation with LLM-Powered Audience Personas,https://arxiv.org/pdf/2408.10937
Writing,Content and textual metrics,Linguistic similarity,Human,Proxona: Supporting Creators’ Sensemaking and Ideation with LLM-Powered Audience Personas,https://arxiv.org/pdf/2408.10937
Writing,Content and textual metrics,Fluency,Human,e-THERAPIST: I suggest you to cultivate a mindset of positivity and nurture uplifting thoughts,https://aclanthology.org/2023.emnlp-main.861.pdf
Writing,Content and textual metrics,Perplexity,Automatic,e-THERAPIST: I suggest you to cultivate a mindset of positivity and nurture uplifting thoughts,https://aclanthology.org/2023.emnlp-main.861.pdf
Writing,Content and textual metrics,Non-Repetitiveness,Human,e-THERAPIST: I suggest you to cultivate a mindset of positivity and nurture uplifting thoughts,https://aclanthology.org/2023.emnlp-main.861.pdf
Writing,Content and textual metrics,response generation quality,Automatic,Hello Again! LLM-powered Personalized Agent for Long-term Dialogue,https://arxiv.org/abs/2406.05925
Writing,Content and textual metrics,Coherency,LLM,StoryVerse: Towards Co-authoring Dynamic Plot with LLM-based Character Simulation via Narrative Planning,https://dl.acm.org/doi/abs/10.1145/3649921.3656987